{"count":1,"self":3755.4167807999997,"total":9492.2410687,"children":{"InitializeActuators":{"count":10,"self":0.0019963,"total":0.0019963,"children":null},"InitializeSensors":{"count":10,"self":0.001,"total":0.001,"children":null},"AgentSendState":{"count":2376095,"self":97.518630399999992,"total":660.9711893,"children":{"CollectObservations":{"count":4752190,"self":245.8651648,"total":245.86515369999998,"children":null},"WriteActionMask":{"count":4752190,"self":16.9607456,"total":16.960746399999998,"children":null},"RequestDecision":{"count":4752190,"self":52.079488,"total":300.6266614,"children":{"AgentInfo.ToProto":{"count":4752190,"self":49.315804799999995,"total":248.54717449999998,"children":{"GenerateSensorData":{"count":4752190,"self":199.2313728,"total":199.23136979999998,"children":null}}}}}}},"DecideAction":{"count":2376095,"self":4841.7161215999995,"total":4841.7159764,"children":null},"AgentAct":{"count":2376095,"self":228.11688959999998,"total":228.13882999999998,"children":{"AgentInfo.ToProto":{"count":272,"self":0.0019822,"total":0.0219524,"children":{"GenerateSensorData":{"count":272,"self":0.0199702,"total":0.0199702,"children":null}}}}},"AgentInfo.ToProto":{"count":74318,"self":1.4458636,"total":5.9944026,"children":{"GenerateSensorData":{"count":74318,"self":4.5485392,"total":4.548539,"children":null}}}},"gauges":{"Walker.CumulativeReward":{"count":74590,"max":3303.95313,"min":-2,"runningAverage":100.485062,"value":133.005814,"weightedAverage":590.4845}},"metadata":{"timer_format_version":"0.1.0","start_time_seconds":"1624538833","unity_version":"2019.4.25f1","command_line_arguments":"D:\\Program Files\\Unity\\Hub\\Editor\\2019.4.25f1\\Editor\\Unity.exe -projectpath D:\/Users\/borna\/Unity Projects\/ml-agents-release_18\/MLAgents18 -useHub -hubIPC -cloudEnvironment production -hubSessionId 4601e3a0-d43b-11eb-98d1-d70f7a9d7270","communication_protocol_version":"1.5.0","com.unity.ml-agents_version":"2.1.0-exp.1","scene_name":"Walker","end_time_seconds":"1624548325"}}