{"count":1,"self":708.42495999999994,"total":12431.3993529,"children":{"InitializeActuators":{"count":20,"self":0.0029912,"total":0.0029912,"children":null},"InitializeSensors":{"count":20,"self":0.0079801,"total":0.0079801,"children":null},"AgentSendState":{"count":357834,"self":229.6599296,"total":329.24391529999997,"children":{"CollectObservations":{"count":1431340,"self":5.0295432,"total":5.0295431,"children":null},"WriteActionMask":{"count":1431340,"self":1.9812234,"total":1.9812234,"children":null},"RequestDecision":{"count":1431340,"self":4.8769592,"total":92.5732219,"children":{"AgentInfo.ToProto":{"count":1431340,"self":5.9375719999999994,"total":87.6962629,"children":{"GenerateSensorData":{"count":1431340,"self":73.0576512,"total":81.7586908,"children":{"RayPerceptionSensor.Perceive":{"count":1431340,"self":8.7010384,"total":8.7010384,"children":null}}}}}}}}},"DecideAction":{"count":357834,"self":11272.310784,"total":11272.310666399999,"children":null},"AgentAct":{"count":357834,"self":121.35996159999999,"total":121.38589739999999,"children":{"AgentInfo.ToProto":{"count":371,"self":0.0049844999999999993,"total":0.025930099999999998,"children":{"GenerateSensorData":{"count":371,"self":0.0199489,"total":0.020945599999999998,"children":{"RayPerceptionSensor.Perceive":{"count":371,"self":0.00099669999999999989,"total":0.00099669999999999989,"children":null}}}}}}},"AgentInfo.ToProto":{"count":304,"self":0.0009973,"total":0.021942899999999998,"children":{"GenerateSensorData":{"count":304,"self":0.018948899999999998,"total":0.020945599999999998,"children":{"RayPerceptionSensor.Perceive":{"count":304,"self":0.0019967,"total":0.0019967,"children":null}}}}}},"gauges":{"Farming.CumulativeReward":{"count":675,"max":29.800005,"min":-1,"runningAverage":13.6382341,"value":21.00001,"weightedAverage":19.98577}},"metadata":{"timer_format_version":"0.1.0","start_time_seconds":"1625159088","unity_version":"2019.4.25f1","command_line_arguments":"D:\\Users\\borna\\Unity Projects\\ml-agents-release_18\\enviroments\/Farming\\UnityEnvironment.exe -nographics -batchmode --mlagents-port 5006 -logFile D:\\Users\\borna\\Unity Projects\\ml-agents-release_18\\results\\Farming_EGCBC_17\\run_logs\\Player-1.log","communication_protocol_version":"1.5.0","com.unity.ml-agents_version":"2.1.0-exp.1","scene_name":"Farming","end_time_seconds":"1625171519"}}